corrida,sticky,n,media,ic95_inf,ic95_sup,ganados,min,max
dqn_v2,0.0,30,21.0,21.0,21.0,30,21.0,21.0
dqn_v2,0.05,30,18.87,18.27,19.37,30,13.0,21.0
dqn_v2,0.1,30,16.97,16.07,17.73,30,8.0,20.0
dqn_v2,0.15,30,15.6,14.7,16.47,30,10.0,19.0
dqn_v2,0.25,30,10.5,9.23,11.8,30,4.0,17.0
dqn_v2,0.35,30,4.53,2.3,6.5,24,-12.0,13.0
dqn_v2,0.5,30,-5.97,-7.4,-4.5,3,-14.0,3.0
dqn_v2_mac,0.0,30,21.0,21.0,21.0,30,21.0,21.0
dqn_v2_mac,0.05,30,18.63,18.07,19.17,30,14.0,21.0
dqn_v2_mac,0.1,30,16.6,15.83,17.33,30,13.0,20.0
dqn_v2_mac,0.15,30,14.07,13.07,15.0,30,6.0,19.0
dqn_v2_mac,0.25,30,7.4,5.73,9.0,28,-3.0,15.0
dqn_v2_mac,0.35,30,3.43,1.83,5.13,23,-5.0,16.0
dqn_v2_mac,0.5,30,-5.37,-7.47,-3.1,5,-13.0,9.0
