paso,episodio,media,desv,min,max,ganados,n,pasos_medios,segundos,conv3_vivas,q_std_estados
50000,53,-21.0,0.0,-21.0,-21.0,0,10,760.4,43.0,0.8833,0.359739
100000,99,-18.8,2.04,-21.0,-15.0,0,10,1309.2,53.0,0.9385,0.344947
150000,132,-14.6,3.072,-20.0,-12.0,0,10,1754.0,73.9,0.9467,0.352501
200000,159,-7.2,7.972,-18.0,1.0,4,10,6027.2,266.9,0.957,0.378246
250000,177,-9.6,5.696,-17.0,-2.0,0,10,3552.3,155.0,0.9621,0.396542
300000,193,-4.0,7.43,-16.0,3.0,4,10,3512.4,151.1,0.9585,0.39604
350000,208,8.0,1.095,7.0,10.0,10,10,3381.8,132.7,0.9538,0.430355
400000,226,10.6,1.96,8.0,14.0,10,10,2871.2,119.1,0.9592,0.388809
450000,250,18.4,2.417,15.0,21.0,10,10,1909.8,99.6,0.9531,0.422639
500000,278,20.4,0.49,20.0,21.0,10,10,1722.6,92.8,0.955,0.439836
550000,306,20.2,0.4,20.0,21.0,10,10,1727.6,92.5,0.9515,0.427267
600000,335,19.8,0.4,19.0,20.0,10,10,1770.0,91.2,0.9413,0.424446
650000,362,20.4,0.49,20.0,21.0,10,10,1700.4,91.7,0.9416,0.414732
700000,391,20.2,0.4,20.0,21.0,10,10,1716.0,90.6,0.9464,0.429197
750000,419,20.8,0.4,20.0,21.0,10,10,1693.0,92.1,0.9452,0.427398
800000,447,20.4,0.49,20.0,21.0,10,10,1673.4,87.3,0.9416,0.410663
850000,476,20.0,0.632,19.0,21.0,10,10,1748.0,94.2,0.942,0.406075
900000,504,21.0,0.0,21.0,21.0,10,10,1653.2,84.9,0.9407,0.417415
950000,534,20.0,0.775,19.0,21.0,10,10,1727.3,93.8,0.9372,0.439526
1000000,563,20.6,0.49,20.0,21.0,10,10,1694.0,89.2,0.9426,0.429875
