paso,episodio,recompensa,longitud,epsilon,perdida_media,pasos_por_seg
939,1,-21.0,939,0.9963,,1408.6
1926,2,-20.0,987,0.9924,,1920.2
2856,3,-20.0,930,0.9887,,1869.4
3641,4,-21.0,785,0.9856,,1825.5
4663,5,-20.0,1022,0.9815,,1820.3
5518,6,-20.0,855,0.9781,,1810.0
6726,7,-17.0,1208,0.9734,,1673.4
7666,8,-21.0,940,0.9696,,1741.4
8533,9,-21.0,867,0.9662,,1733.6
9452,10,-20.0,919,0.9626,,1700.8
10209,11,-21.0,757,0.9596,0.011759,176.3
11144,12,-20.0,935,0.9559,0.011694,58.9
12175,13,-19.0,1031,0.9518,0.011688,58.3
12937,14,-21.0,762,0.9488,0.011316,60.7
13914,15,-19.0,977,0.9449,0.011543,61.2
14702,16,-21.0,788,0.9418,0.012372,58.8
15460,17,-21.0,758,0.9388,0.010776,51.4
16283,18,-21.0,823,0.9355,0.011066,59.8
17210,19,-21.0,927,0.9318,0.011948,58.7
18016,20,-21.0,806,0.9287,0.011585,57.6
18916,21,-21.0,900,0.9251,0.011673,62.2
19762,22,-21.0,846,0.9217,0.011951,63.6
20816,23,-19.0,1054,0.9176,0.011926,62.8
21607,24,-21.0,791,0.9144,0.011554,62.0
22523,25,-20.0,916,0.9108,0.011793,60.1
23285,26,-21.0,762,0.9078,0.012834,60.2
24155,27,-20.0,870,0.9043,0.011945,62.9
25159,28,-21.0,1004,0.9004,0.011222,62.1
26377,29,-17.0,1218,0.8955,0.011737,59.8
27330,30,-20.0,953,0.8918,0.01155,60.9
28295,31,-20.0,965,0.888,0.01142,61.4
29160,32,-20.0,865,0.8845,0.012264,60.3
30234,33,-20.0,1074,0.8803,0.011435,61.8
31098,34,-20.0,864,0.8769,0.010843,64.0
32147,35,-20.0,1049,0.8727,0.011277,59.3
33056,36,-21.0,909,0.8691,0.01111,58.9
33875,37,-21.0,819,0.8659,0.011569,59.1
34749,38,-21.0,874,0.8624,0.011444,59.1
35536,39,-21.0,787,0.8593,0.011351,59.0
36377,40,-21.0,841,0.8559,0.011428,59.5
37183,41,-21.0,806,0.8528,0.011173,59.8
38005,42,-21.0,822,0.8495,0.011742,59.4
38864,43,-20.0,859,0.8461,0.011844,59.3
39686,44,-21.0,822,0.8428,0.011791,59.5
40449,45,-21.0,763,0.8398,0.01075,59.3
41334,46,-21.0,885,0.8363,0.011747,61.2
42361,47,-18.0,1027,0.8323,0.011021,58.1
43441,48,-19.0,1080,0.828,0.011097,58.6
44413,49,-20.0,972,0.8241,0.011576,58.8
45296,50,-21.0,883,0.8206,0.011361,58.6
46056,51,-21.0,760,0.8176,0.010975,59.3
47001,52,-19.0,945,0.8139,0.011197,59.7
47840,53,-21.0,839,0.8106,0.011295,59.0
48604,54,-21.0,764,0.8075,0.012286,58.5
49414,55,-21.0,810,0.8043,0.011971,60.6
50319,56,-21.0,905,0.8007,0.011735,22.2
51216,57,-20.0,897,0.7972,0.011628,58.7
52156,58,-20.0,940,0.7935,0.011778,58.4
52978,59,-21.0,822,0.7902,0.011199,58.6
53795,60,-21.0,817,0.787,0.011488,59.4
54633,61,-20.0,838,0.7837,0.011815,58.8
55457,62,-21.0,824,0.7804,0.011249,58.3
56335,63,-21.0,878,0.7769,0.010593,57.7
57181,64,-21.0,846,0.7736,0.011372,58.1
58187,65,-20.0,1006,0.7696,0.011116,58.8
59122,66,-21.0,935,0.7659,0.011549,59.1
59989,67,-21.0,867,0.7624,0.012136,60.0
60806,68,-21.0,817,0.7592,0.012137,58.0
61748,69,-19.0,942,0.7555,0.010779,57.8
62640,70,-21.0,892,0.7519,0.010559,58.2
63459,71,-21.0,819,0.7487,0.01121,58.1
64248,72,-21.0,789,0.7456,0.011656,58.8
65239,73,-20.0,991,0.7417,0.011593,57.8
66080,74,-20.0,841,0.7383,0.011142,57.3
66945,75,-20.0,865,0.7349,0.011553,58.3
67782,76,-20.0,837,0.7316,0.011145,58.3
68635,77,-21.0,853,0.7282,0.011193,57.9
69581,78,-21.0,946,0.7245,0.010772,57.5
70427,79,-21.0,846,0.7211,0.010461,58.5
71245,80,-21.0,818,0.7179,0.011015,59.0
72007,81,-21.0,762,0.7149,0.011152,61.5
72902,82,-20.0,895,0.7113,0.011899,61.7
73782,83,-21.0,880,0.7078,0.011008,61.8
74539,84,-21.0,757,0.7048,0.012349,62.0
75423,85,-21.0,884,0.7013,0.012031,62.2
76247,86,-21.0,824,0.6981,0.011596,62.6
77206,87,-20.0,959,0.6943,0.011618,62.9
78142,88,-19.0,936,0.6906,0.011598,56.3
79122,89,-19.0,980,0.6867,0.012083,57.6
79970,90,-21.0,848,0.6833,0.011579,61.7
81106,91,-19.0,1136,0.6788,0.010984,61.8
81966,92,-20.0,860,0.6754,0.011109,62.7
82846,93,-21.0,880,0.6719,0.010829,63.3
83730,94,-21.0,884,0.6684,0.011582,57.9
84551,95,-21.0,821,0.6652,0.011923,56.6
85483,96,-20.0,932,0.6615,0.011197,57.9
86425,97,-20.0,942,0.6578,0.011278,57.4
87319,98,-20.0,894,0.6542,0.011566,56.3
88123,99,-21.0,804,0.651,0.011226,54.9
89208,100,-18.0,1085,0.6467,0.011462,56.4
90149,101,-21.0,941,0.643,0.012347,58.7
91022,102,-21.0,873,0.6396,0.01108,57.4
91939,103,-19.0,917,0.6359,0.010507,57.5
93003,104,-19.0,1064,0.6317,0.011156,56.2
93988,105,-20.0,985,0.6278,0.011089,58.9
94830,106,-20.0,842,0.6245,0.011406,57.6
95715,107,-21.0,885,0.621,0.011158,57.4
96670,108,-19.0,955,0.6172,0.010868,57.8
97785,109,-19.0,1115,0.6128,0.011096,57.2
98686,110,-20.0,901,0.6092,0.011259,56.4
99638,111,-20.0,952,0.6054,0.011848,49.8
100443,112,-21.0,805,0.6022,0.011409,18.8
101490,113,-20.0,1047,0.5981,0.011814,59.9
102338,114,-21.0,848,0.5947,0.011111,57.5
103208,115,-20.0,870,0.5913,0.011373,56.8
104216,116,-19.0,1008,0.5873,0.011008,56.9
105134,117,-20.0,918,0.5837,0.011282,52.9
105972,118,-20.0,838,0.5804,0.010885,56.6
106869,119,-20.0,897,0.5768,0.011206,57.0
107797,120,-19.0,928,0.5731,0.011548,57.1
108736,121,-21.0,939,0.5694,0.010485,57.3
109555,122,-21.0,819,0.5662,0.011008,57.4
110492,123,-20.0,937,0.5625,0.012303,57.3
111360,124,-21.0,868,0.559,0.011952,56.9
112424,125,-19.0,1064,0.5548,0.010733,56.9
113288,126,-21.0,864,0.5514,0.011042,57.0
114107,127,-21.0,819,0.5481,0.012178,57.0
115431,128,-19.0,1324,0.5429,0.011278,56.8
116384,129,-20.0,953,0.5391,0.010645,56.8
117282,130,-20.0,898,0.5356,0.011902,56.7
118070,131,-21.0,788,0.5324,0.011412,57.3
119001,132,-21.0,931,0.5288,0.011282,56.6
119942,133,-21.0,941,0.525,0.011285,56.1
120885,134,-21.0,943,0.5213,0.010673,55.7
121833,135,-20.0,948,0.5175,0.011621,55.9
122734,136,-20.0,901,0.514,0.011137,56.4
123648,137,-21.0,914,0.5104,0.01132,56.4
124659,138,-18.0,1011,0.5064,0.010778,55.9
125618,139,-20.0,959,0.5026,0.011283,56.4
126464,140,-21.0,846,0.4992,0.011554,56.3
127254,141,-21.0,790,0.4961,0.011558,56.0
128188,142,-19.0,934,0.4924,0.011206,55.6
128951,143,-21.0,763,0.4894,0.011657,55.8
129864,144,-20.0,913,0.4857,0.011418,56.3
130622,145,-21.0,758,0.4827,0.011965,55.8
131499,146,-21.0,877,0.4793,0.010698,55.8
132350,147,-21.0,851,0.4759,0.011316,55.9
133362,148,-19.0,1012,0.4719,0.011325,54.6
134252,149,-20.0,890,0.4684,0.01124,53.8
135167,150,-20.0,915,0.4647,0.012227,54.6
136104,151,-19.0,937,0.461,0.01147,54.9
137093,152,-19.0,989,0.4571,0.011323,54.1
137869,153,-21.0,776,0.454,0.011694,56.2
138627,154,-21.0,758,0.451,0.010814,55.7
139459,155,-20.0,832,0.4477,0.011501,57.0
140365,156,-21.0,906,0.4442,0.010604,56.7
141329,157,-20.0,964,0.4403,0.010946,56.9
142135,158,-21.0,806,0.4371,0.011847,57.2
142957,159,-21.0,822,0.4339,0.010847,57.3
143909,160,-20.0,952,0.4301,0.011127,57.4
144808,161,-20.0,899,0.4266,0.011536,57.3
145660,162,-21.0,852,0.4232,0.012014,56.7
146540,163,-21.0,880,0.4197,0.011871,57.0
147363,164,-21.0,823,0.4164,0.011331,57.0
148278,165,-20.0,915,0.4128,0.012063,56.8
149147,166,-20.0,869,0.4094,0.011152,56.5
149971,167,-21.0,824,0.4061,0.01094,57.2
150963,168,-19.0,992,0.4022,0.011307,20.2
151813,169,-21.0,850,0.3988,0.011229,57.0
152620,170,-21.0,807,0.3956,0.012085,56.9
153486,171,-20.0,866,0.3922,0.011334,56.5
154505,172,-20.0,1019,0.3882,0.011373,56.8
155312,173,-21.0,807,0.385,0.011399,56.9
156208,174,-20.0,896,0.3814,0.010863,56.6
157129,175,-20.0,921,0.3778,0.011844,56.7
157889,176,-21.0,760,0.3748,0.01139,56.9
158719,177,-20.0,830,0.3715,0.011455,56.8
159496,178,-21.0,777,0.3684,0.011452,56.8
160331,179,-20.0,835,0.3651,0.011755,55.7
161303,180,-19.0,972,0.3612,0.011345,56.7
162184,181,-21.0,881,0.3578,0.01077,56.8
163111,182,-21.0,927,0.3541,0.01217,57.0
163952,183,-20.0,841,0.3508,0.011602,56.8
164835,184,-21.0,883,0.3473,0.011561,56.9
165740,185,-21.0,905,0.3437,0.011685,57.1
166577,186,-20.0,837,0.3404,0.01114,57.1
167609,187,-21.0,1032,0.3363,0.011398,56.9
168385,188,-21.0,776,0.3332,0.011615,57.6
169265,189,-21.0,880,0.3297,0.011172,56.3
170228,190,-20.0,963,0.3259,0.011535,56.4
171049,191,-21.0,821,0.3226,0.011261,56.4
171994,192,-20.0,945,0.3189,0.011938,57.0
172861,193,-20.0,867,0.3155,0.011237,56.5
173642,194,-21.0,781,0.3124,0.011806,56.0
174542,195,-20.0,900,0.3088,0.011577,56.5
175537,196,-19.0,995,0.3049,0.010786,56.9
176527,197,-21.0,990,0.301,0.011477,56.6
177351,198,-21.0,824,0.2977,0.010578,56.3
178298,199,-20.0,947,0.2939,0.010965,56.1
179083,200,-21.0,785,0.2908,0.011833,56.3
180049,201,-19.0,966,0.287,0.012063,56.6
180826,202,-21.0,777,0.2839,0.011097,56.5
181586,203,-21.0,760,0.2809,0.011299,56.2
182484,204,-21.0,898,0.2774,0.011467,56.5
183275,205,-21.0,791,0.2742,0.011366,56.0
184090,206,-21.0,815,0.271,0.01106,55.3
184970,207,-21.0,880,0.2675,0.010399,55.3
185791,208,-21.0,821,0.2643,0.010673,56.0
186569,209,-21.0,778,0.2612,0.01176,56.8
187389,210,-21.0,820,0.2579,0.010825,55.6
188409,211,-19.0,1020,0.2539,0.011454,55.9
189378,212,-21.0,969,0.2501,0.011281,55.6
190366,213,-19.0,988,0.2462,0.011236,55.9
191353,214,-20.0,987,0.2422,0.011233,56.1
192193,215,-20.0,840,0.2389,0.011499,56.0
193100,216,-21.0,907,0.2353,0.011333,55.9
193922,217,-21.0,822,0.2321,0.010973,55.6
194945,218,-20.0,1023,0.228,0.010911,55.9
195782,219,-20.0,837,0.2247,0.011886,56.4
196694,220,-21.0,912,0.2211,0.011951,56.4
197453,221,-21.0,759,0.2181,0.011056,56.2
198238,222,-21.0,785,0.215,0.011179,56.0
199121,223,-21.0,883,0.2115,0.011343,56.4
199941,224,-21.0,820,0.2082,0.010942,56.5
200965,225,-19.0,1024,0.2042,0.010978,20.9
201751,226,-21.0,786,0.2011,0.01121,52.1
202541,227,-21.0,790,0.1979,0.010983,50.1
203388,228,-21.0,847,0.1946,0.011129,54.9
204274,229,-20.0,886,0.1911,0.010856,53.2
205388,230,-21.0,1114,0.1867,0.011649,54.8
206194,231,-21.0,806,0.1835,0.01109,54.1
207031,232,-20.0,837,0.1802,0.011874,52.9
208036,233,-20.0,1005,0.1762,0.012056,51.6
208913,234,-21.0,877,0.1727,0.011841,54.9
209746,235,-20.0,833,0.1694,0.011822,56.0
210537,236,-21.0,791,0.1663,0.011419,56.4
211386,237,-21.0,849,0.1629,0.010677,56.6
212328,238,-21.0,942,0.1592,0.011491,56.7
213250,239,-20.0,922,0.1555,0.011333,57.1
214067,240,-21.0,817,0.1523,0.01073,57.4
214888,241,-21.0,821,0.149,0.011193,57.4
215725,242,-21.0,837,0.1457,0.010767,54.0
216484,243,-21.0,759,0.1427,0.011377,52.9
217248,244,-21.0,764,0.1397,0.011646,53.9
218195,245,-20.0,947,0.1359,0.011663,54.9
218987,246,-21.0,792,0.1328,0.010973,54.3
219811,247,-21.0,824,0.1295,0.010928,54.4
220707,248,-20.0,896,0.126,0.011372,53.0
221587,249,-20.0,880,0.1225,0.011343,53.7
222376,250,-21.0,789,0.1194,0.011495,54.2
223376,251,-19.0,1000,0.1154,0.010752,54.4
224162,252,-21.0,786,0.1123,0.011084,54.5
225122,253,-20.0,960,0.1085,0.010805,54.8
225911,254,-21.0,789,0.1054,0.011057,55.2
226857,255,-19.0,946,0.1016,0.011766,54.0
227649,256,-21.0,792,0.0985,0.011498,54.1
228663,257,-20.0,1014,0.0945,0.011347,54.5
229503,258,-20.0,840,0.0912,0.011603,55.0
230386,259,-21.0,883,0.0877,0.011029,54.1
231209,260,-21.0,823,0.0844,0.012052,54.7
231967,261,-21.0,758,0.0814,0.012153,54.9
232821,262,-21.0,854,0.078,0.011576,55.1
233701,263,-21.0,880,0.0745,0.011207,54.9
234550,264,-21.0,849,0.0712,0.011774,54.8
235487,265,-20.0,937,0.0675,0.012354,55.1
236279,266,-21.0,792,0.0643,0.011654,54.9
237225,267,-21.0,946,0.0606,0.011903,55.1
238067,268,-20.0,842,0.0573,0.011515,54.3
238991,269,-21.0,924,0.0536,0.011487,55.0
239815,270,-21.0,824,0.0503,0.011256,55.1
240695,271,-21.0,880,0.0468,0.011488,54.8
241480,272,-21.0,785,0.0437,0.011484,54.8
242302,273,-21.0,822,0.0405,0.011424,54.6
243063,274,-21.0,761,0.0375,0.011676,54.9
243871,275,-21.0,808,0.0343,0.011643,54.4
244632,276,-21.0,761,0.0313,0.012335,51.5
245529,277,-20.0,897,0.0277,0.011515,53.0
246408,278,-21.0,879,0.0242,0.012058,53.2
247229,279,-21.0,821,0.021,0.011844,53.5
248052,280,-21.0,823,0.0177,0.011669,52.0
248828,281,-21.0,776,0.0146,0.011982,52.4
249650,282,-21.0,822,0.0114,0.011867,51.6
250412,283,-21.0,762,0.01,0.011424,17.8
251232,284,-21.0,820,0.01,0.012596,52.2
251992,285,-21.0,760,0.01,0.011248,54.3
252811,286,-21.0,819,0.01,0.011293,52.0
253569,287,-21.0,758,0.01,0.011929,53.5
254391,288,-21.0,822,0.01,0.011593,53.5
255150,289,-21.0,759,0.01,0.011412,56.7
255909,290,-21.0,759,0.01,0.011393,54.9
256729,291,-21.0,820,0.01,0.011614,50.7
257548,292,-21.0,819,0.01,0.011636,52.9
258370,293,-21.0,822,0.01,0.012042,52.7
259146,294,-21.0,776,0.01,0.011369,53.7
259925,295,-21.0,779,0.01,0.011785,53.2
260683,296,-21.0,758,0.01,0.011343,53.0
261440,297,-21.0,757,0.01,0.011451,52.0
262197,298,-21.0,757,0.01,0.011907,53.7
262958,299,-21.0,761,0.01,0.01224,54.7
263739,300,-21.0,781,0.01,0.012272,55.5
264558,301,-21.0,819,0.01,0.01158,55.7
265318,302,-21.0,760,0.01,0.012048,55.8
266077,303,-21.0,759,0.01,0.011857,55.8
266896,304,-21.0,819,0.01,0.012081,55.7
267656,305,-21.0,760,0.01,0.011341,54.9
268414,306,-21.0,758,0.01,0.012216,55.0
269295,307,-21.0,881,0.01,0.011018,55.3
270116,308,-21.0,821,0.01,0.012583,55.8
270878,309,-21.0,762,0.01,0.011571,55.4
271640,310,-21.0,762,0.01,0.010887,51.8
272464,311,-21.0,824,0.01,0.010846,50.9
273303,312,-20.0,839,0.01,0.012283,52.2
274152,313,-21.0,849,0.01,0.012192,52.4
274999,314,-21.0,847,0.01,0.01169,52.0
275763,315,-21.0,764,0.01,0.011454,52.0
276526,316,-21.0,763,0.01,0.012315,52.2
277352,317,-21.0,826,0.01,0.011767,52.3
278170,318,-21.0,818,0.01,0.011343,52.3
279136,319,-20.0,966,0.01,0.012245,51.6
280035,320,-21.0,899,0.01,0.011604,51.5
280931,321,-20.0,896,0.01,0.011909,51.6
281751,322,-21.0,820,0.01,0.01108,51.7
282538,323,-21.0,787,0.01,0.012395,51.1
283302,324,-21.0,764,0.01,0.01176,53.9
284065,325,-21.0,763,0.01,0.012577,53.7
284823,326,-21.0,758,0.01,0.011265,53.3
285689,327,-20.0,866,0.01,0.012012,54.2
286478,328,-21.0,789,0.01,0.012627,54.5
287237,329,-21.0,759,0.01,0.01196,54.9
288057,330,-21.0,820,0.01,0.011707,53.9
288880,331,-21.0,823,0.01,0.012053,53.6
289719,332,-20.0,839,0.01,0.011007,53.3
290477,333,-21.0,758,0.01,0.012063,53.0
291240,334,-21.0,763,0.01,0.011842,53.4
291998,335,-21.0,758,0.01,0.011736,53.8
292820,336,-21.0,822,0.01,0.012175,54.1
293577,337,-21.0,757,0.01,0.011474,51.5
294334,338,-21.0,757,0.01,0.011966,51.0
295095,339,-21.0,761,0.01,0.011598,22.0
295852,340,-21.0,757,0.01,0.011848,46.8
296674,341,-21.0,822,0.01,0.012027,39.0
297431,342,-21.0,757,0.01,0.012012,47.8
298253,343,-21.0,822,0.01,0.012056,53.3
299045,344,-21.0,792,0.01,0.011862,52.4
299807,345,-21.0,762,0.01,0.011838,53.9
300589,346,-21.0,782,0.01,0.012199,18.8
301470,347,-21.0,881,0.01,0.011883,51.5
302231,348,-21.0,761,0.01,0.012637,54.6
303052,349,-21.0,821,0.01,0.01193,54.4
303889,350,-20.0,837,0.01,0.012072,55.1
304728,351,-20.0,839,0.01,0.012056,55.4
305485,352,-21.0,757,0.01,0.01232,57.8
306274,353,-21.0,789,0.01,0.01189,55.8
307034,354,-21.0,760,0.01,0.011331,55.6
307791,355,-21.0,757,0.01,0.012253,52.6
308673,356,-21.0,882,0.01,0.012499,53.2
309498,357,-21.0,825,0.01,0.013285,53.8
310333,358,-20.0,835,0.01,0.011955,51.9
311235,359,-21.0,902,0.01,0.013004,51.1
311997,360,-21.0,762,0.01,0.01281,51.2
312821,361,-21.0,824,0.01,0.012188,53.8
313645,362,-21.0,824,0.01,0.012784,52.8
314466,363,-21.0,821,0.01,0.012035,52.9
315227,364,-21.0,761,0.01,0.012348,53.1
316112,365,-20.0,885,0.01,0.011831,52.6
316876,366,-21.0,764,0.01,0.012452,53.1
317636,367,-21.0,760,0.01,0.012304,52.7
318459,368,-21.0,823,0.01,0.012224,52.9
319217,369,-21.0,758,0.01,0.012859,53.0
319995,370,-21.0,778,0.01,0.011907,52.7
320815,371,-21.0,820,0.01,0.011551,52.8
321578,372,-21.0,763,0.01,0.012531,52.6
322399,373,-21.0,821,0.01,0.011953,52.7
323159,374,-21.0,760,0.01,0.012145,52.9
323999,375,-21.0,840,0.01,0.013163,52.9
324803,376,-21.0,804,0.01,0.012046,52.8
325682,377,-21.0,879,0.01,0.011389,52.6
326474,378,-21.0,792,0.01,0.012113,52.6
327236,379,-21.0,762,0.01,0.01185,52.3
328021,380,-21.0,785,0.01,0.01282,54.0
328903,381,-21.0,882,0.01,0.012248,55.8
329722,382,-21.0,819,0.01,0.011787,56.3
330544,383,-21.0,822,0.01,0.011324,56.3
331305,384,-21.0,761,0.01,0.011688,56.3
332065,385,-21.0,760,0.01,0.011733,56.4
332887,386,-21.0,822,0.01,0.012631,56.3
333727,387,-20.0,840,0.01,0.012402,43.5
334486,388,-21.0,759,0.01,0.011785,35.0
335304,389,-21.0,818,0.01,0.012577,47.6
336140,390,-20.0,836,0.01,0.011908,49.6
336897,391,-21.0,757,0.01,0.011845,49.8
337781,392,-21.0,884,0.01,0.012618,50.4
338569,393,-21.0,788,0.01,0.013429,49.8
339391,394,-21.0,822,0.01,0.011849,51.3
340155,395,-21.0,764,0.01,0.01228,51.6
340916,396,-21.0,761,0.01,0.011811,51.2
341784,397,-20.0,868,0.01,0.012587,51.5
342543,398,-21.0,759,0.01,0.012486,51.6
343302,399,-21.0,759,0.01,0.012475,48.4
344062,400,-21.0,760,0.01,0.012281,48.0
344824,401,-21.0,762,0.01,0.012638,49.8
345642,402,-21.0,818,0.01,0.012307,51.1
346403,403,-21.0,761,0.01,0.012346,51.7
347192,404,-21.0,789,0.01,0.012808,51.3
347951,405,-21.0,759,0.01,0.012625,49.5
348711,406,-21.0,760,0.01,0.011559,51.0
349531,407,-21.0,820,0.01,0.012176,51.2
350294,408,-21.0,763,0.01,0.012744,17.7
351056,409,-21.0,762,0.01,0.012241,50.4
351814,410,-21.0,758,0.01,0.012518,51.0
352651,411,-21.0,837,0.01,0.0123,50.5
353634,412,-21.0,983,0.01,0.012616,50.5
354396,413,-21.0,762,0.01,0.012431,50.7
355159,414,-21.0,763,0.01,0.012164,50.7
355978,415,-21.0,819,0.01,0.012645,50.7
356802,416,-21.0,824,0.01,0.012198,51.5
357625,417,-21.0,823,0.01,0.012893,51.7
358388,418,-21.0,763,0.01,0.01231,51.9
359150,419,-21.0,762,0.01,0.01241,51.9
359912,420,-21.0,762,0.01,0.011967,52.1
360734,421,-21.0,822,0.01,0.01306,50.7
361491,422,-21.0,757,0.01,0.011931,50.9
362277,423,-21.0,786,0.01,0.012691,51.6
363099,424,-21.0,822,0.01,0.012259,51.1
363923,425,-21.0,824,0.01,0.013294,46.1
364684,426,-21.0,761,0.01,0.01246,51.3
365504,427,-21.0,820,0.01,0.012204,51.6
366326,428,-21.0,822,0.01,0.012749,50.5
367144,429,-21.0,818,0.01,0.012445,50.1
368006,430,-21.0,862,0.01,0.01278,51.6
368785,431,-21.0,779,0.01,0.012989,51.5
369669,432,-21.0,884,0.01,0.012665,52.0
370433,433,-21.0,764,0.01,0.013437,51.5
371270,434,-20.0,837,0.01,0.012622,51.6
372027,435,-21.0,757,0.01,0.012234,51.6
372788,436,-21.0,761,0.01,0.011951,50.8
373699,437,-21.0,911,0.01,0.012343,51.2
374599,438,-20.0,900,0.01,0.012497,50.7
375360,439,-21.0,761,0.01,0.013354,51.4
376197,440,-20.0,837,0.01,0.012097,51.3
376957,441,-21.0,760,0.01,0.012765,51.4
377716,442,-21.0,759,0.01,0.012177,50.7
378474,443,-21.0,758,0.01,0.011755,51.0
379295,444,-21.0,821,0.01,0.012336,50.7
380174,445,-21.0,879,0.01,0.012101,51.1
380995,446,-21.0,821,0.01,0.012902,51.6
381755,447,-21.0,760,0.01,0.012497,50.8
382537,448,-21.0,782,0.01,0.012418,50.3
383357,449,-21.0,820,0.01,0.013241,51.0
384181,450,-21.0,824,0.01,0.012755,51.1
384939,451,-21.0,758,0.01,0.010966,52.5
385775,452,-20.0,836,0.01,0.012509,51.8
386644,453,-20.0,869,0.01,0.01197,52.0
387406,454,-21.0,762,0.01,0.012309,52.2
388243,455,-20.0,837,0.01,0.011745,51.8
389006,456,-21.0,763,0.01,0.012261,51.8
389763,457,-21.0,757,0.01,0.012317,51.2
390587,458,-21.0,824,0.01,0.012465,51.9
391346,459,-21.0,759,0.01,0.012377,51.8
392165,460,-21.0,819,0.01,0.012085,51.6
392926,461,-21.0,761,0.01,0.01195,49.7
393684,462,-21.0,758,0.01,0.01305,48.6
394469,463,-21.0,785,0.01,0.012492,50.8
395306,464,-21.0,837,0.01,0.011878,49.7
396063,465,-21.0,757,0.01,0.012728,49.1
396824,466,-21.0,761,0.01,0.012288,50.6
397648,467,-21.0,824,0.01,0.012577,49.7
398406,468,-21.0,758,0.01,0.012338,50.1
399163,469,-21.0,757,0.01,0.012154,50.6
399923,470,-21.0,760,0.01,0.012366,51.0
400775,471,-21.0,852,0.01,0.012353,19.4
401536,472,-21.0,761,0.01,0.012113,51.5
402353,473,-21.0,817,0.01,0.012557,51.1
403116,474,-21.0,763,0.01,0.012361,51.7
403876,475,-21.0,760,0.01,0.01335,52.0
404661,476,-21.0,785,0.01,0.012069,51.7
405423,477,-21.0,762,0.01,0.011335,51.6
406291,478,-21.0,868,0.01,0.012478,51.2
407109,479,-21.0,818,0.01,0.012406,51.7
408009,480,-21.0,900,0.01,0.011609,51.0
408771,481,-21.0,762,0.01,0.012528,51.7
409535,482,-21.0,764,0.01,0.01239,51.5
410294,483,-21.0,759,0.01,0.012442,51.1
411052,484,-21.0,758,0.01,0.012668,51.3
411811,485,-21.0,759,0.01,0.011412,51.0
412602,486,-21.0,791,0.01,0.012639,51.3
413361,487,-21.0,759,0.01,0.013158,51.4
414198,488,-20.0,837,0.01,0.012443,50.9
414958,489,-21.0,760,0.01,0.01208,51.4
415850,490,-20.0,892,0.01,0.012712,51.3
416612,491,-21.0,762,0.01,0.012114,51.2
417431,492,-21.0,819,0.01,0.012675,51.6
418192,493,-21.0,761,0.01,0.013022,50.4
418981,494,-21.0,789,0.01,0.012316,51.0
419772,495,-21.0,791,0.01,0.012743,50.8
420558,496,-21.0,786,0.01,0.01156,51.2
421347,497,-21.0,789,0.01,0.012147,51.0
422167,498,-21.0,820,0.01,0.012487,51.1
422924,499,-21.0,757,0.01,0.011854,51.2
423688,500,-21.0,764,0.01,0.012491,51.2
424448,501,-21.0,760,0.01,0.011594,51.3
425238,502,-21.0,790,0.01,0.012342,50.8
426060,503,-21.0,822,0.01,0.012391,51.1
426895,504,-20.0,835,0.01,0.011845,51.6
427744,505,-21.0,849,0.01,0.012501,51.2
428536,506,-21.0,792,0.01,0.012629,51.5
429300,507,-21.0,764,0.01,0.012406,52.0
430057,508,-21.0,757,0.01,0.012011,50.9
430814,509,-21.0,757,0.01,0.012763,51.5
431633,510,-21.0,819,0.01,0.012402,51.7
432395,511,-21.0,762,0.01,0.012434,51.7
433154,512,-21.0,759,0.01,0.011807,51.9
434002,513,-21.0,848,0.01,0.012574,51.2
434765,514,-21.0,763,0.01,0.012093,51.7
435527,515,-21.0,762,0.01,0.011991,54.4
436285,516,-21.0,758,0.01,0.013009,54.3
437045,517,-21.0,760,0.01,0.01248,51.6
437898,518,-21.0,853,0.01,0.011615,52.6
438655,519,-21.0,757,0.01,0.012016,50.8
439519,520,-20.0,864,0.01,0.01215,51.8
440280,521,-21.0,761,0.01,0.011273,51.2
441096,522,-21.0,816,0.01,0.012469,52.0
441856,523,-21.0,760,0.01,0.012429,52.1
442618,524,-21.0,762,0.01,0.012041,51.6
443376,525,-21.0,758,0.01,0.012452,52.0
444133,526,-21.0,757,0.01,0.012332,52.1
444894,527,-21.0,761,0.01,0.01338,52.2
445825,528,-20.0,931,0.01,0.012253,51.8
446704,529,-21.0,879,0.01,0.012477,52.2
447463,530,-21.0,759,0.01,0.013029,52.1
448248,531,-21.0,785,0.01,0.012256,52.0
449006,532,-21.0,758,0.01,0.012995,52.2
449857,533,-21.0,851,0.01,0.012838,52.4
450646,534,-21.0,789,0.01,0.012377,18.3
451564,535,-20.0,918,0.01,0.01219,51.8
452327,536,-21.0,763,0.01,0.013068,51.8
453151,537,-21.0,824,0.01,0.01316,51.6
453911,538,-21.0,760,0.01,0.013142,51.3
454750,539,-20.0,839,0.01,0.012371,50.8
455512,540,-21.0,762,0.01,0.011929,51.2
456335,541,-21.0,823,0.01,0.01242,51.5
457093,542,-21.0,758,0.01,0.013064,51.1
457879,543,-21.0,786,0.01,0.011973,51.7
458639,544,-21.0,760,0.01,0.012544,51.5
459456,545,-21.0,817,0.01,0.012348,51.8
460214,546,-21.0,758,0.01,0.012002,51.3
460971,547,-21.0,757,0.01,0.012826,52.3
461730,548,-21.0,759,0.01,0.012349,49.3
462571,549,-20.0,841,0.01,0.013259,51.4
463335,550,-21.0,764,0.01,0.012878,51.1
464097,551,-21.0,762,0.01,0.01285,52.1
464918,552,-21.0,821,0.01,0.012519,51.7
465678,553,-21.0,760,0.01,0.01204,51.2
466502,554,-21.0,824,0.01,0.012615,51.8
467322,555,-21.0,820,0.01,0.012702,51.4
468142,556,-21.0,820,0.01,0.011492,51.9
468901,557,-21.0,759,0.01,0.012451,51.5
469688,558,-21.0,787,0.01,0.01251,51.9
470470,559,-21.0,782,0.01,0.01261,51.9
471229,560,-21.0,759,0.01,0.012629,52.2
472064,561,-20.0,835,0.01,0.012082,51.0
472827,562,-21.0,763,0.01,0.013136,51.8
473590,563,-21.0,763,0.01,0.012327,52.3
474412,564,-21.0,822,0.01,0.012126,52.1
475312,565,-20.0,900,0.01,0.012569,51.7
476072,566,-21.0,760,0.01,0.012225,48.7
476861,567,-21.0,789,0.01,0.013101,51.7
477686,568,-21.0,825,0.01,0.012737,51.7
478478,569,-21.0,792,0.01,0.011761,52.1
479239,570,-21.0,761,0.01,0.012484,52.4
480025,571,-21.0,786,0.01,0.012242,52.4
480801,572,-21.0,776,0.01,0.012536,52.3
481563,573,-21.0,762,0.01,0.011889,51.9
482327,574,-21.0,764,0.01,0.012935,51.1
483087,575,-21.0,760,0.01,0.012924,51.8
483850,576,-21.0,763,0.01,0.012701,52.0
484609,577,-21.0,759,0.01,0.013045,52.4
485432,578,-21.0,823,0.01,0.010868,51.8
486252,579,-21.0,820,0.01,0.012351,51.5
487074,580,-21.0,822,0.01,0.012876,51.6
487838,581,-21.0,764,0.01,0.012778,52.0
488673,582,-20.0,835,0.01,0.012502,52.1
489461,583,-21.0,788,0.01,0.013272,52.3
490280,584,-21.0,819,0.01,0.013276,51.8
491117,585,-20.0,837,0.01,0.013112,51.5
491936,586,-21.0,819,0.01,0.012452,51.5
492695,587,-21.0,759,0.01,0.013312,51.0
493481,588,-21.0,786,0.01,0.012468,47.0
494300,589,-21.0,819,0.01,0.012195,52.0
495118,590,-21.0,818,0.01,0.012335,51.3
495881,591,-21.0,763,0.01,0.012528,52.8
496781,592,-21.0,900,0.01,0.012362,52.7
497598,593,-21.0,817,0.01,0.012975,52.5
498491,594,-20.0,893,0.01,0.013039,52.8
499392,595,-20.0,901,0.01,0.01215,52.8
500181,596,-21.0,789,0.01,0.012104,18.4
500942,597,-21.0,761,0.01,0.012718,52.7
501700,598,-21.0,758,0.01,0.012892,53.0
502481,599,-21.0,781,0.01,0.012866,52.1
503244,600,-21.0,763,0.01,0.012397,52.8
504031,601,-21.0,787,0.01,0.011827,53.1
504837,602,-21.0,806,0.01,0.012607,52.8
505595,603,-21.0,758,0.01,0.012832,52.7
506426,604,-20.0,831,0.01,0.013034,52.9
507190,605,-21.0,764,0.01,0.012504,52.8
507966,606,-21.0,776,0.01,0.01192,51.9
508726,607,-21.0,760,0.01,0.012959,51.9
509487,608,-21.0,761,0.01,0.013059,49.5
510247,609,-21.0,760,0.01,0.012225,51.8
511004,610,-21.0,757,0.01,0.012687,52.0
511766,611,-21.0,762,0.01,0.012597,51.6
512585,612,-21.0,819,0.01,0.012595,51.9
513346,613,-21.0,761,0.01,0.011519,51.8
514194,614,-21.0,848,0.01,0.012842,51.5
514955,615,-21.0,761,0.01,0.01313,51.8
515761,616,-21.0,806,0.01,0.011926,52.2
516583,617,-21.0,822,0.01,0.012461,52.3
517359,618,-21.0,776,0.01,0.013433,52.3
518176,619,-21.0,817,0.01,0.012039,52.3
518934,620,-21.0,758,0.01,0.013509,52.1
519827,621,-20.0,893,0.01,0.012335,51.7
520650,622,-21.0,823,0.01,0.012527,50.8
521430,623,-21.0,780,0.01,0.011746,51.8
522190,624,-21.0,760,0.01,0.01289,52.5
522951,625,-21.0,761,0.01,0.012626,52.6
523710,626,-21.0,759,0.01,0.011708,52.2
524593,627,-21.0,883,0.01,0.012185,51.0
525350,628,-21.0,757,0.01,0.013461,53.2
526171,629,-21.0,821,0.01,0.012,53.0
526963,630,-21.0,792,0.01,0.013001,52.8
527785,631,-21.0,822,0.01,0.012693,49.9
528637,632,-21.0,852,0.01,0.01268,50.6
529475,633,-20.0,838,0.01,0.012474,50.7
530323,634,-21.0,848,0.01,0.012194,51.0
531115,635,-21.0,792,0.01,0.012225,51.6
531937,636,-21.0,822,0.01,0.013055,51.8
532695,637,-21.0,758,0.01,0.011898,51.4
533457,638,-21.0,762,0.01,0.011993,51.5
534243,639,-21.0,786,0.01,0.011705,51.8
535062,640,-21.0,819,0.01,0.012973,51.7
535821,641,-21.0,759,0.01,0.011999,49.6
536651,642,-20.0,830,0.01,0.012567,52.4
537482,643,-20.0,831,0.01,0.012542,52.8
538268,644,-21.0,786,0.01,0.013373,53.4
539028,645,-21.0,760,0.01,0.011446,53.5
539805,646,-21.0,777,0.01,0.012587,53.3
540625,647,-21.0,820,0.01,0.012683,51.1
541506,648,-21.0,881,0.01,0.012058,53.2
542268,649,-21.0,762,0.01,0.012232,53.2
543118,650,-21.0,850,0.01,0.012421,53.1
543927,651,-21.0,809,0.01,0.012944,53.1
544824,652,-20.0,897,0.01,0.012359,53.3
545611,653,-21.0,787,0.01,0.013016,53.3
546373,654,-21.0,762,0.01,0.013037,53.3
547154,655,-21.0,781,0.01,0.012027,53.2
547917,656,-21.0,763,0.01,0.012171,53.2
548678,657,-21.0,761,0.01,0.011885,53.0
549438,658,-21.0,760,0.01,0.011988,52.9
550284,659,-21.0,846,0.01,0.013085,19.5
551119,660,-20.0,835,0.01,0.012443,53.1
552011,661,-20.0,892,0.01,0.012652,52.9
552833,662,-21.0,822,0.01,0.012626,53.6
553590,663,-21.0,757,0.01,0.013232,53.4
554555,664,-19.0,965,0.01,0.01211,53.1
555313,665,-21.0,758,0.01,0.012085,53.3
556212,666,-20.0,899,0.01,0.013561,53.5
557034,667,-21.0,822,0.01,0.012229,53.2
557791,668,-21.0,757,0.01,0.012445,53.0
558702,669,-21.0,911,0.01,0.01234,53.2
559459,670,-21.0,757,0.01,0.012494,53.4
560218,671,-21.0,759,0.01,0.012856,53.4
561004,672,-21.0,786,0.01,0.01314,53.5
561826,673,-21.0,822,0.01,0.012635,53.4
562584,674,-21.0,758,0.01,0.012058,53.3
563432,675,-21.0,848,0.01,0.012868,53.7
564256,676,-21.0,824,0.01,0.012219,53.2
565092,677,-20.0,836,0.01,0.012016,53.5
565883,678,-21.0,791,0.01,0.01297,53.0
566720,679,-20.0,837,0.01,0.012652,53.5
567481,680,-21.0,761,0.01,0.012353,52.9
568256,681,-21.0,775,0.01,0.01268,53.3
569094,682,-20.0,838,0.01,0.012521,53.0
569944,683,-21.0,850,0.01,0.012698,52.5
570770,684,-21.0,826,0.01,0.012595,51.3
571593,685,-21.0,823,0.01,0.013146,50.4
572356,686,-21.0,763,0.01,0.011587,46.0
573143,687,-21.0,787,0.01,0.011522,41.1
573965,688,-21.0,822,0.01,0.012775,52.9
574745,689,-21.0,780,0.01,0.012078,53.0
575583,690,-20.0,838,0.01,0.012423,53.2
576405,691,-21.0,822,0.01,0.012448,53.0
577301,692,-21.0,896,0.01,0.0118,53.4
578058,693,-21.0,757,0.01,0.011797,53.4
578819,694,-21.0,761,0.01,0.013058,53.1
579581,695,-21.0,762,0.01,0.012943,53.3
580367,696,-21.0,786,0.01,0.013006,53.8
581125,697,-21.0,758,0.01,0.01333,53.8
581916,698,-21.0,791,0.01,0.012464,53.4
582679,699,-21.0,763,0.01,0.011472,53.3
583439,700,-21.0,760,0.01,0.013131,53.3
584219,701,-21.0,780,0.01,0.013132,53.5
584979,702,-21.0,760,0.01,0.012167,52.9
585849,703,-21.0,870,0.01,0.01251,52.9
586610,704,-21.0,761,0.01,0.012879,53.0
587368,705,-21.0,758,0.01,0.012422,52.7
588126,706,-21.0,758,0.01,0.012143,53.2
588885,707,-21.0,759,0.01,0.012356,54.9
589642,708,-21.0,757,0.01,0.012202,54.8
590399,709,-21.0,757,0.01,0.013181,55.0
591236,710,-20.0,837,0.01,0.012604,55.2
592015,711,-21.0,779,0.01,0.011371,54.8
592773,712,-21.0,758,0.01,0.011627,54.6
593531,713,-21.0,758,0.01,0.011449,54.9
594372,714,-21.0,841,0.01,0.012882,54.5
595131,715,-21.0,759,0.01,0.011933,54.9
595890,716,-21.0,759,0.01,0.012406,55.2
596682,717,-21.0,792,0.01,0.013179,54.8
597440,718,-21.0,758,0.01,0.01234,55.3
598282,719,-21.0,842,0.01,0.012775,55.0
599101,720,-21.0,819,0.01,0.012431,54.9
599924,721,-21.0,823,0.01,0.013231,55.2
600686,722,-21.0,762,0.01,0.012501,17.3
601626,723,-20.0,940,0.01,0.012213,53.2
602383,724,-21.0,757,0.01,0.012035,54.8
603262,725,-21.0,879,0.01,0.013058,54.9
604026,726,-21.0,764,0.01,0.012941,54.9
604913,727,-21.0,887,0.01,0.012573,55.1
605797,728,-21.0,884,0.01,0.01239,54.7
606559,729,-21.0,762,0.01,0.012168,54.7
607319,730,-21.0,760,0.01,0.012438,55.0
608096,731,-21.0,777,0.01,0.0129,54.9
608860,732,-21.0,764,0.01,0.011381,55.0
609636,733,-21.0,776,0.01,0.011538,54.9
610426,734,-21.0,790,0.01,0.012159,55.1
611275,735,-21.0,849,0.01,0.012441,55.5
612037,736,-21.0,762,0.01,0.012505,54.9
612795,737,-21.0,758,0.01,0.013226,54.6
613553,738,-21.0,758,0.01,0.012888,54.6
614313,739,-21.0,760,0.01,0.013195,54.9
615088,740,-21.0,775,0.01,0.012167,55.1
615849,741,-21.0,761,0.01,0.012539,55.5
616609,742,-21.0,760,0.01,0.012224,55.2
617428,743,-21.0,819,0.01,0.012478,55.0
618188,744,-21.0,760,0.01,0.011172,55.2
619042,745,-21.0,854,0.01,0.012525,55.5
619804,746,-21.0,762,0.01,0.012858,55.2
620562,747,-21.0,758,0.01,0.01244,54.6
621382,748,-21.0,820,0.01,0.01183,54.9
622200,749,-21.0,818,0.01,0.011927,54.8
622961,750,-21.0,761,0.01,0.01118,54.8
623722,751,-21.0,761,0.01,0.012156,54.9
624548,752,-21.0,826,0.01,0.01239,55.0
625310,753,-21.0,762,0.01,0.012054,55.0
626189,754,-21.0,879,0.01,0.012728,55.1
626948,755,-21.0,759,0.01,0.012312,55.2
627707,756,-21.0,759,0.01,0.012329,54.8
628546,757,-20.0,839,0.01,0.012831,55.3
629307,758,-21.0,761,0.01,0.012332,55.1
630070,759,-21.0,763,0.01,0.012852,55.0
630894,760,-21.0,824,0.01,0.013012,55.0
631679,761,-21.0,785,0.01,0.013014,55.0
632440,762,-21.0,761,0.01,0.012445,55.0
633199,763,-21.0,759,0.01,0.012708,54.8
633963,764,-21.0,764,0.01,0.013225,53.1
634727,765,-21.0,764,0.01,0.012544,54.9
635487,766,-21.0,760,0.01,0.011241,55.3
636277,767,-21.0,790,0.01,0.013597,55.0
637041,768,-21.0,764,0.01,0.012254,54.8
637802,769,-21.0,761,0.01,0.011903,55.2
638564,770,-21.0,762,0.01,0.012686,55.1
639324,771,-21.0,760,0.01,0.012551,54.9
640149,772,-21.0,825,0.01,0.012891,55.2
640985,773,-20.0,836,0.01,0.012084,55.2
641828,774,-21.0,843,0.01,0.011946,55.2
642586,775,-21.0,758,0.01,0.012801,55.0
643367,776,-21.0,781,0.01,0.012452,55.1
644171,777,-21.0,804,0.01,0.012457,54.9
644953,778,-21.0,782,0.01,0.012017,54.9
645711,779,-21.0,758,0.01,0.012642,55.2
646469,780,-21.0,758,0.01,0.012984,55.0
647230,781,-21.0,761,0.01,0.012882,55.1
647993,782,-21.0,763,0.01,0.012207,54.3
648753,783,-21.0,760,0.01,0.013501,54.7
649594,784,-20.0,841,0.01,0.012772,55.2
650357,785,-21.0,763,0.01,0.012921,17.4
651175,786,-21.0,818,0.01,0.012373,54.6
651934,787,-21.0,759,0.01,0.014029,55.0
652692,788,-21.0,758,0.01,0.012356,55.0
653450,789,-21.0,758,0.01,0.012948,55.2
654209,790,-21.0,759,0.01,0.013189,54.9
654967,791,-21.0,758,0.01,0.013081,55.4
655726,792,-21.0,759,0.01,0.012761,55.3
656486,793,-21.0,760,0.01,0.013113,55.1
657274,794,-21.0,788,0.01,0.013023,54.6
658038,795,-21.0,764,0.01,0.012817,55.1
658800,796,-21.0,762,0.01,0.011346,55.3
659619,797,-21.0,819,0.01,0.012864,55.0
660467,798,-21.0,848,0.01,0.013224,54.7
661230,799,-21.0,763,0.01,0.012581,54.9
662018,800,-21.0,788,0.01,0.012714,55.0
662858,801,-20.0,840,0.01,0.013162,54.9
663698,802,-21.0,840,0.01,0.012828,55.1
664459,803,-21.0,761,0.01,0.012703,55.2
665295,804,-20.0,836,0.01,0.012645,53.5
666058,805,-21.0,763,0.01,0.011638,55.3
666898,806,-20.0,840,0.01,0.012882,55.0
667655,807,-21.0,757,0.01,0.012716,54.8
668413,808,-21.0,758,0.01,0.012687,55.4
669261,809,-21.0,848,0.01,0.012664,55.0
670019,810,-21.0,758,0.01,0.012478,55.0
670809,811,-21.0,790,0.01,0.013108,55.0
671569,812,-21.0,760,0.01,0.012016,54.8
672358,813,-21.0,789,0.01,0.012658,54.8
673118,814,-21.0,760,0.01,0.012871,55.4
673877,815,-21.0,759,0.01,0.012307,55.0
674677,816,-21.0,800,0.01,0.013548,54.8
675441,817,-21.0,764,0.01,0.012352,54.4
676203,818,-21.0,762,0.01,0.013555,54.4
677023,819,-21.0,820,0.01,0.012756,54.8
677848,820,-21.0,825,0.01,0.012248,55.1
678609,821,-21.0,761,0.01,0.013234,55.0
679368,822,-21.0,759,0.01,0.01277,54.9
680223,823,-20.0,855,0.01,0.012119,55.0
681045,824,-21.0,822,0.01,0.012845,55.2
681850,825,-21.0,805,0.01,0.012541,55.0
682685,826,-20.0,835,0.01,0.012921,55.0
683474,827,-21.0,789,0.01,0.012445,55.0
684290,828,-21.0,816,0.01,0.013075,54.2
685127,829,-20.0,837,0.01,0.012651,54.8
685947,830,-21.0,820,0.01,0.012515,55.1
686729,831,-21.0,782,0.01,0.012282,55.0
687548,832,-21.0,819,0.01,0.013239,55.0
688310,833,-21.0,762,0.01,0.012281,55.0
689073,834,-21.0,763,0.01,0.012044,55.2
689894,835,-21.0,821,0.01,0.01281,55.0
690755,836,-20.0,861,0.01,0.012044,55.0
691514,837,-21.0,759,0.01,0.012082,54.9
692274,838,-21.0,760,0.01,0.012474,54.8
693038,839,-21.0,764,0.01,0.01248,54.9
693918,840,-21.0,880,0.01,0.012648,54.7
694675,841,-21.0,757,0.01,0.012849,54.8
695465,842,-21.0,790,0.01,0.012409,55.3
696227,843,-21.0,762,0.01,0.012772,55.0
697048,844,-21.0,821,0.01,0.011523,54.9
697808,845,-21.0,760,0.01,0.012548,54.7
698572,846,-21.0,764,0.01,0.013236,52.7
699331,847,-21.0,759,0.01,0.012285,54.9
700171,848,-20.0,840,0.01,0.012983,18.7
701022,849,-21.0,851,0.01,0.012482,54.3
701843,850,-21.0,821,0.01,0.012773,54.8
702663,851,-21.0,820,0.01,0.013458,55.1
703420,852,-21.0,757,0.01,0.012414,54.8
704183,853,-21.0,763,0.01,0.012996,55.3
705030,854,-21.0,847,0.01,0.012995,55.2
705852,855,-21.0,822,0.01,0.012433,54.9
706629,856,-21.0,777,0.01,0.013854,55.1
707509,857,-21.0,880,0.01,0.013312,55.3
708270,858,-21.0,761,0.01,0.012228,55.2
709029,859,-21.0,759,0.01,0.01305,55.1
709821,860,-21.0,792,0.01,0.01303,54.5
710583,861,-21.0,762,0.01,0.012569,55.1
711369,862,-21.0,786,0.01,0.01262,54.7
712129,863,-21.0,760,0.01,0.012471,54.7
712888,864,-21.0,759,0.01,0.012211,54.8
713678,865,-21.0,790,0.01,0.012732,55.0
714442,866,-21.0,764,0.01,0.013079,54.8
715205,867,-21.0,763,0.01,0.011943,54.4
715963,868,-21.0,758,0.01,0.011935,55.0
716798,869,-20.0,835,0.01,0.012754,54.8
717620,870,-21.0,822,0.01,0.012293,54.9
718412,871,-21.0,792,0.01,0.01342,55.2
719220,872,-21.0,808,0.01,0.012841,55.2
719979,873,-21.0,759,0.01,0.012733,55.0
720742,874,-21.0,763,0.01,0.011685,55.3
721564,875,-21.0,822,0.01,0.012171,55.2
722443,876,-21.0,879,0.01,0.012946,55.0
723311,877,-20.0,868,0.01,0.012713,54.7
724210,878,-20.0,899,0.01,0.013283,54.6
725028,879,-21.0,818,0.01,0.012573,51.9
725804,880,-21.0,776,0.01,0.012428,53.4
726564,881,-21.0,760,0.01,0.01243,53.4
727324,882,-21.0,760,0.01,0.011982,53.1
728084,883,-21.0,760,0.01,0.013403,52.8
728910,884,-21.0,826,0.01,0.012774,53.4
729672,885,-21.0,762,0.01,0.012167,51.2
730495,886,-21.0,823,0.01,0.012498,53.4
731259,887,-21.0,764,0.01,0.011889,52.5
732018,888,-21.0,759,0.01,0.012011,53.1
732857,889,-20.0,839,0.01,0.011684,52.1
733755,890,-21.0,898,0.01,0.01248,54.4
734514,891,-21.0,759,0.01,0.012406,54.8
735276,892,-21.0,762,0.01,0.012436,54.8
736036,893,-21.0,760,0.01,0.012174,54.8
736800,894,-21.0,764,0.01,0.01187,55.0
737561,895,-21.0,761,0.01,0.01215,55.6
738320,896,-21.0,759,0.01,0.012606,55.0
739313,897,-19.0,993,0.01,0.012119,55.2
740075,898,-21.0,762,0.01,0.013174,55.5
740854,899,-21.0,779,0.01,0.012343,54.7
741641,900,-21.0,787,0.01,0.011924,54.8
742508,901,-20.0,867,0.01,0.012835,54.7
743266,902,-21.0,758,0.01,0.012654,54.9
744162,903,-20.0,896,0.01,0.012685,54.6
745044,904,-21.0,882,0.01,0.012825,54.6
745835,905,-21.0,791,0.01,0.012916,54.8
746594,906,-21.0,759,0.01,0.012468,55.1
747413,907,-21.0,819,0.01,0.012072,55.0
748234,908,-21.0,821,0.01,0.011798,55.1
748992,909,-21.0,758,0.01,0.012192,54.8
749752,910,-21.0,760,0.01,0.012554,54.9
750514,911,-21.0,762,0.01,0.012964,17.2
751449,912,-19.0,935,0.01,0.012862,55.2
752271,913,-21.0,822,0.01,0.013083,55.0
753033,914,-21.0,762,0.01,0.01303,55.3
753853,915,-21.0,820,0.01,0.012325,55.4
754679,916,-21.0,826,0.01,0.012566,55.1
755524,917,-21.0,845,0.01,0.012427,55.1
756479,918,-20.0,955,0.01,0.012393,54.8
757243,919,-21.0,764,0.01,0.012255,54.9
758060,920,-21.0,817,0.01,0.012222,55.3
758945,921,-20.0,885,0.01,0.013483,55.0
759768,922,-21.0,823,0.01,0.012675,55.3
760558,923,-21.0,790,0.01,0.012515,53.1
761319,924,-21.0,761,0.01,0.012187,54.6
762106,925,-21.0,787,0.01,0.012228,55.1
762894,926,-21.0,788,0.01,0.01193,54.8
763712,927,-21.0,818,0.01,0.013496,54.9
764537,928,-21.0,825,0.01,0.012157,55.0
765297,929,-21.0,760,0.01,0.012686,54.8
766114,930,-21.0,817,0.01,0.012828,54.7
766876,931,-21.0,762,0.01,0.012036,54.6
767698,932,-21.0,822,0.01,0.011697,55.1
768458,933,-21.0,760,0.01,0.011872,55.3
769215,934,-21.0,757,0.01,0.013072,54.9
770094,935,-21.0,879,0.01,0.011848,55.2
770857,936,-21.0,763,0.01,0.012573,54.9
771649,937,-21.0,792,0.01,0.012004,54.8
772412,938,-21.0,763,0.01,0.012026,54.8
773174,939,-21.0,762,0.01,0.012274,55.2
773938,940,-21.0,764,0.01,0.012276,54.6
774699,941,-21.0,761,0.01,0.012559,55.2
775581,942,-21.0,882,0.01,0.012598,55.0
776401,943,-21.0,820,0.01,0.012624,54.9
777163,944,-21.0,762,0.01,0.012697,55.2
777985,945,-21.0,822,0.01,0.012298,54.7
778809,946,-21.0,824,0.01,0.012418,54.9
779672,947,-20.0,863,0.01,0.012962,54.9
780429,948,-21.0,757,0.01,0.012763,54.5
781190,949,-21.0,761,0.01,0.013125,54.8
781951,950,-21.0,761,0.01,0.0134,55.2
782709,951,-21.0,758,0.01,0.011882,54.9
783529,952,-21.0,820,0.01,0.012026,54.0
784289,953,-21.0,760,0.01,0.012465,52.8
785053,954,-21.0,764,0.01,0.013528,52.2
785815,955,-21.0,762,0.01,0.012552,43.6
786593,956,-21.0,778,0.01,0.012618,51.5
787426,957,-20.0,833,0.01,0.012223,47.7
788184,958,-21.0,758,0.01,0.012812,54.8
789175,959,-19.0,991,0.01,0.01267,54.7
790005,960,-20.0,830,0.01,0.012997,55.6
790830,961,-21.0,825,0.01,0.01244,55.5
791593,962,-21.0,763,0.01,0.012456,55.3
792475,963,-21.0,882,0.01,0.011713,55.5
793235,964,-21.0,760,0.01,0.012212,53.2
794054,965,-21.0,819,0.01,0.012509,55.0
794815,966,-21.0,761,0.01,0.012522,55.3
795606,967,-21.0,791,0.01,0.012942,55.0
796368,968,-21.0,762,0.01,0.012705,54.9
797308,969,-21.0,940,0.01,0.012686,55.1
798066,970,-21.0,758,0.01,0.012793,55.1
798905,971,-21.0,839,0.01,0.012531,54.6
799727,972,-21.0,822,0.01,0.012985,54.9
800550,973,-21.0,823,0.01,0.011846,18.1
801476,974,-20.0,926,0.01,0.01305,55.2
802296,975,-21.0,820,0.01,0.013288,54.6
803058,976,-21.0,762,0.01,0.012988,54.9
803820,977,-21.0,762,0.01,0.012634,54.8
804606,978,-21.0,786,0.01,0.011629,55.2
805383,979,-21.0,777,0.01,0.013075,55.3
806141,980,-21.0,758,0.01,0.01194,55.1
806901,981,-21.0,760,0.01,0.012914,55.1
807687,982,-21.0,786,0.01,0.013324,54.7
808448,983,-21.0,761,0.01,0.013323,55.1
809270,984,-21.0,822,0.01,0.013296,55.3
810029,985,-21.0,759,0.01,0.012657,54.8
810849,986,-21.0,820,0.01,0.012533,55.2
811780,987,-21.0,931,0.01,0.012168,55.3
812601,988,-21.0,821,0.01,0.012668,55.4
813406,989,-21.0,805,0.01,0.013074,54.9
814247,990,-21.0,841,0.01,0.012562,54.8
815008,991,-21.0,761,0.01,0.01284,55.2
815768,992,-21.0,760,0.01,0.012115,55.3
816651,993,-21.0,883,0.01,0.012801,55.2
817414,994,-21.0,763,0.01,0.012896,55.2
818178,995,-21.0,764,0.01,0.012318,55.4
819061,996,-21.0,883,0.01,0.012673,55.4
819821,997,-21.0,760,0.01,0.012853,55.2
820584,998,-21.0,763,0.01,0.012671,55.4
821404,999,-21.0,820,0.01,0.011796,55.4
822208,1000,-21.0,804,0.01,0.011525,55.5
822972,1001,-21.0,764,0.01,0.013195,54.4
823730,1002,-21.0,758,0.01,0.01248,55.0
824551,1003,-21.0,821,0.01,0.012739,53.2
825342,1004,-21.0,791,0.01,0.011758,55.2
826100,1005,-21.0,758,0.01,0.013085,55.1
826858,1006,-21.0,758,0.01,0.012677,54.9
827680,1007,-21.0,822,0.01,0.013059,54.8
828500,1008,-21.0,820,0.01,0.012146,55.0
829321,1009,-21.0,821,0.01,0.012413,55.2
830082,1010,-21.0,761,0.01,0.011489,55.3
830843,1011,-21.0,761,0.01,0.012523,54.8
831634,1012,-21.0,791,0.01,0.012641,55.2
832460,1013,-21.0,826,0.01,0.012484,55.0
833223,1014,-21.0,763,0.01,0.012279,55.0
833986,1015,-21.0,763,0.01,0.012105,55.3
834750,1016,-21.0,764,0.01,0.012557,55.3
835510,1017,-21.0,760,0.01,0.012485,55.2
836268,1018,-21.0,758,0.01,0.013429,55.0
837049,1019,-21.0,781,0.01,0.013686,55.4
837872,1020,-21.0,823,0.01,0.013108,55.1
838631,1021,-21.0,759,0.01,0.012529,54.6
839392,1022,-21.0,761,0.01,0.012239,54.9
840183,1023,-21.0,791,0.01,0.012143,55.4
841003,1024,-21.0,820,0.01,0.012681,55.0
841763,1025,-21.0,760,0.01,0.012481,55.0
842523,1026,-21.0,760,0.01,0.012494,54.9
843285,1027,-21.0,762,0.01,0.012524,55.0
844104,1028,-21.0,819,0.01,0.013098,55.6
844997,1029,-20.0,893,0.01,0.012479,55.1
845821,1030,-21.0,824,0.01,0.011654,54.8
846579,1031,-21.0,758,0.01,0.012809,54.8
847366,1032,-21.0,787,0.01,0.012764,55.2
848126,1033,-21.0,760,0.01,0.012724,55.1
848888,1034,-21.0,762,0.01,0.012743,54.8
849648,1035,-21.0,760,0.01,0.012327,55.5
850406,1036,-21.0,758,0.01,0.012851,17.0
851164,1037,-21.0,758,0.01,0.012308,55.3
851928,1038,-21.0,764,0.01,0.012262,54.8
852764,1039,-20.0,836,0.01,0.011813,55.1
853527,1040,-21.0,763,0.01,0.013212,54.8
854314,1041,-21.0,787,0.01,0.01337,55.3
855072,1042,-21.0,758,0.01,0.012964,55.2
855893,1043,-21.0,821,0.01,0.011934,53.5
856652,1044,-21.0,759,0.01,0.012721,55.1
857631,1045,-20.0,979,0.01,0.013078,55.2
858454,1046,-21.0,823,0.01,0.012613,55.2
859217,1047,-21.0,763,0.01,0.012587,55.2
860034,1048,-21.0,817,0.01,0.01251,54.9
860904,1049,-20.0,870,0.01,0.012257,55.5
861727,1050,-21.0,823,0.01,0.012548,55.1
862490,1051,-21.0,763,0.01,0.012755,54.8
863248,1052,-21.0,758,0.01,0.01331,55.6
864010,1053,-21.0,762,0.01,0.012175,55.3
864832,1054,-21.0,822,0.01,0.012749,55.1
865681,1055,-21.0,849,0.01,0.012288,54.9
866563,1056,-21.0,882,0.01,0.012271,55.2
867352,1057,-21.0,789,0.01,0.012519,54.7
868191,1058,-20.0,839,0.01,0.012983,55.1
869011,1059,-21.0,820,0.01,0.012357,55.1
869797,1060,-21.0,786,0.01,0.013006,55.2
870619,1061,-21.0,822,0.01,0.012493,54.9
871580,1062,-19.0,961,0.01,0.012674,55.3
872461,1063,-21.0,881,0.01,0.012625,55.1
873251,1064,-21.0,790,0.01,0.012408,55.3
874069,1065,-21.0,818,0.01,0.012329,55.1
874889,1066,-21.0,820,0.01,0.012565,55.1
875646,1067,-21.0,757,0.01,0.012135,54.7
876437,1068,-21.0,791,0.01,0.013322,55.2
877321,1069,-21.0,884,0.01,0.012667,55.1
878080,1070,-21.0,759,0.01,0.012499,54.9
878950,1071,-20.0,870,0.01,0.012588,55.0
879736,1072,-21.0,786,0.01,0.011519,55.1
880498,1073,-21.0,762,0.01,0.012466,55.0
881288,1074,-21.0,790,0.01,0.013003,55.0
882130,1075,-20.0,842,0.01,0.012559,54.6
882952,1076,-21.0,822,0.01,0.012151,55.1
883713,1077,-21.0,761,0.01,0.013108,54.9
884498,1078,-21.0,785,0.01,0.013326,55.2
885258,1079,-21.0,760,0.01,0.012184,54.8
886149,1080,-20.0,891,0.01,0.012766,55.0
887031,1081,-21.0,882,0.01,0.012346,55.4
887852,1082,-21.0,821,0.01,0.012119,54.9
888697,1083,-21.0,845,0.01,0.012975,53.6
889485,1084,-21.0,788,0.01,0.011637,55.2
890385,1085,-21.0,900,0.01,0.012545,55.2
891270,1086,-21.0,885,0.01,0.012271,55.1
892053,1087,-21.0,783,0.01,0.012655,55.3
892867,1088,-21.0,814,0.01,0.01166,55.2
893659,1089,-21.0,792,0.01,0.012877,55.3
894440,1090,-21.0,781,0.01,0.011661,55.2
895226,1091,-21.0,786,0.01,0.01297,55.0
896018,1092,-21.0,792,0.01,0.011903,55.4
896780,1093,-21.0,762,0.01,0.011974,54.9
897543,1094,-21.0,763,0.01,0.011819,54.8
898335,1095,-21.0,792,0.01,0.012685,55.2
899094,1096,-21.0,759,0.01,0.013189,55.1
899855,1097,-21.0,761,0.01,0.012844,55.1
900616,1098,-21.0,761,0.01,0.012124,17.1
901373,1099,-21.0,757,0.01,0.012089,54.8
902133,1100,-21.0,760,0.01,0.012103,55.2
902923,1101,-21.0,790,0.01,0.012485,55.1
903743,1102,-21.0,820,0.01,0.012588,55.1
904590,1103,-21.0,847,0.01,0.01245,55.1
905535,1104,-21.0,945,0.01,0.012773,55.2
906295,1105,-21.0,760,0.01,0.012163,54.9
907057,1106,-21.0,762,0.01,0.012776,55.1
907898,1107,-20.0,841,0.01,0.013444,54.5
908655,1108,-21.0,757,0.01,0.012708,54.3
909474,1109,-21.0,819,0.01,0.012899,54.6
910351,1110,-21.0,877,0.01,0.012038,55.3
911112,1111,-21.0,761,0.01,0.012455,55.6
911870,1112,-21.0,758,0.01,0.012736,54.8
912692,1113,-21.0,822,0.01,0.012009,54.9
913478,1114,-21.0,786,0.01,0.012072,54.7
914313,1115,-21.0,835,0.01,0.011577,55.0
915137,1116,-21.0,824,0.01,0.013355,54.8
915927,1117,-21.0,790,0.01,0.01232,54.7
916748,1118,-21.0,821,0.01,0.012995,55.4
917505,1119,-21.0,757,0.01,0.011987,54.7
918355,1120,-21.0,850,0.01,0.012534,55.0
919175,1121,-21.0,820,0.01,0.012641,54.7
919994,1122,-21.0,819,0.01,0.012778,53.8
920753,1123,-21.0,759,0.01,0.01252,55.1
921590,1124,-20.0,837,0.01,0.012338,55.6
922378,1125,-21.0,788,0.01,0.01258,55.0
923169,1126,-21.0,791,0.01,0.012535,54.9
923929,1127,-21.0,760,0.01,0.01281,55.2
924720,1128,-21.0,791,0.01,0.011779,55.3
925483,1129,-21.0,763,0.01,0.012233,55.2
926240,1130,-21.0,757,0.01,0.011959,54.9
926998,1131,-21.0,758,0.01,0.012428,55.6
927823,1132,-21.0,825,0.01,0.012383,54.9
928586,1133,-21.0,763,0.01,0.012268,55.2
929347,1134,-21.0,761,0.01,0.012271,54.1
930108,1135,-21.0,761,0.01,0.011798,54.3
930866,1136,-21.0,758,0.01,0.013245,51.6
931656,1137,-21.0,790,0.01,0.012841,53.1
932598,1138,-21.0,942,0.01,0.012163,53.2
933415,1139,-21.0,817,0.01,0.011503,53.1
934172,1140,-21.0,757,0.01,0.012261,52.7
934955,1141,-21.0,783,0.01,0.012421,53.2
935744,1142,-21.0,789,0.01,0.012723,53.6
936506,1143,-21.0,762,0.01,0.01173,53.1
937360,1144,-20.0,854,0.01,0.012778,53.6
938236,1145,-20.0,876,0.01,0.012593,53.3
939058,1146,-21.0,822,0.01,0.013247,54.6
939818,1147,-21.0,760,0.01,0.012298,54.9
940582,1148,-21.0,764,0.01,0.012408,54.9
941399,1149,-21.0,817,0.01,0.011666,55.0
942157,1150,-21.0,758,0.01,0.012593,55.1
942983,1151,-21.0,826,0.01,0.012085,55.1
943744,1152,-21.0,761,0.01,0.011552,55.0
944567,1153,-21.0,823,0.01,0.012561,55.1
945324,1154,-21.0,757,0.01,0.012529,55.0
946086,1155,-21.0,762,0.01,0.012199,54.9
946921,1156,-20.0,835,0.01,0.012133,55.4
947716,1157,-21.0,795,0.01,0.012479,55.3
948476,1158,-21.0,760,0.01,0.011472,54.8
949240,1159,-21.0,764,0.01,0.012039,54.8
950141,1160,-20.0,901,0.01,0.012463,19.5
950900,1161,-21.0,759,0.01,0.012612,54.6
951657,1162,-21.0,757,0.01,0.012644,52.9
952480,1163,-21.0,823,0.01,0.012329,54.7
953241,1164,-21.0,761,0.01,0.012348,55.1
954002,1165,-21.0,761,0.01,0.012891,54.7
954822,1166,-21.0,820,0.01,0.012591,54.8
955579,1167,-21.0,757,0.01,0.011715,55.1
956459,1168,-21.0,880,0.01,0.012498,54.6
957218,1169,-21.0,759,0.01,0.011999,54.6
957978,1170,-21.0,760,0.01,0.013171,55.1
958739,1171,-21.0,761,0.01,0.013504,55.2
959498,1172,-21.0,759,0.01,0.012226,54.6
960321,1173,-21.0,823,0.01,0.012125,55.1
961203,1174,-21.0,882,0.01,0.011075,54.9
962022,1175,-21.0,819,0.01,0.012159,54.5
962781,1176,-21.0,759,0.01,0.01215,55.1
963539,1177,-21.0,758,0.01,0.012222,55.2
964319,1178,-21.0,780,0.01,0.011308,55.3
965077,1179,-21.0,758,0.01,0.012297,54.9
965928,1180,-21.0,851,0.01,0.012315,55.0
966733,1181,-21.0,805,0.01,0.011657,54.7
967490,1182,-21.0,757,0.01,0.012725,54.9
968251,1183,-21.0,761,0.01,0.012732,55.2
969008,1184,-21.0,757,0.01,0.012475,54.9
969766,1185,-21.0,758,0.01,0.01305,54.8
970725,1186,-20.0,959,0.01,0.011874,54.9
971544,1187,-21.0,819,0.01,0.013452,55.4
972335,1188,-21.0,791,0.01,0.013247,54.9
973097,1189,-21.0,762,0.01,0.012604,54.9
973860,1190,-21.0,763,0.01,0.011748,54.5
974620,1191,-21.0,760,0.01,0.012322,55.0
975378,1192,-21.0,758,0.01,0.012354,54.6
976140,1193,-21.0,762,0.01,0.012721,55.2
976903,1194,-21.0,763,0.01,0.012451,54.8
977691,1195,-21.0,788,0.01,0.012728,55.0
978512,1196,-21.0,821,0.01,0.012185,54.4
979329,1197,-21.0,817,0.01,0.012084,54.9
980111,1198,-21.0,782,0.01,0.013111,55.1
980891,1199,-21.0,780,0.01,0.011374,55.1
981653,1200,-21.0,762,0.01,0.013027,55.1
982411,1201,-21.0,758,0.01,0.011993,54.9
983173,1202,-21.0,762,0.01,0.012175,55.1
983996,1203,-21.0,823,0.01,0.012472,53.3
984759,1204,-21.0,763,0.01,0.012148,55.1
985520,1205,-21.0,761,0.01,0.011797,54.9
986284,1206,-21.0,764,0.01,0.01215,55.1
987041,1207,-21.0,757,0.01,0.012431,54.7
987802,1208,-21.0,761,0.01,0.012606,54.8
988565,1209,-21.0,763,0.01,0.012466,54.4
989325,1210,-21.0,760,0.01,0.012428,51.5
990173,1211,-21.0,848,0.01,0.012522,53.0
990931,1212,-21.0,758,0.01,0.013193,53.5
991688,1213,-21.0,757,0.01,0.012514,53.4
992450,1214,-21.0,762,0.01,0.013189,53.5
993211,1215,-21.0,761,0.01,0.012867,53.5
993970,1216,-21.0,759,0.01,0.012756,53.7
994830,1217,-20.0,860,0.01,0.012377,53.6
995588,1218,-21.0,758,0.01,0.012678,53.7
996350,1219,-21.0,762,0.01,0.012741,53.6
997195,1220,-21.0,845,0.01,0.012794,54.3
998078,1221,-21.0,883,0.01,0.012124,55.1
998840,1222,-21.0,762,0.01,0.012324,55.0
999598,1223,-21.0,758,0.01,0.012547,54.8
