paso,episodio,media,desv,min,max,ganados,n,pasos_medios,segundos
50000,55,-21.0,0.0,-21.0,-21.0,0,10,760.4,25.6
100000,111,-21.0,0.0,-21.0,-21.0,0,10,760.4,28.3
150000,167,-21.0,0.0,-21.0,-21.0,0,10,760.4,31.5
200000,224,-21.0,0.0,-21.0,-21.0,0,10,760.4,31.0
250000,282,-21.0,0.0,-21.0,-21.0,0,10,760.4,27.9
300000,345,-21.0,0.0,-21.0,-21.0,0,10,760.4,25.9
350000,407,-21.0,0.0,-21.0,-21.0,0,10,760.4,27.9
400000,470,-21.0,0.0,-21.0,-21.0,0,10,760.4,27.5
450000,533,-21.0,0.0,-21.0,-21.0,0,10,760.4,27.8
500000,595,-21.0,0.0,-21.0,-21.0,0,10,760.4,27.9
550000,658,-21.0,0.0,-21.0,-21.0,0,10,760.4,27.4
600000,721,-21.0,0.0,-21.0,-21.0,0,10,760.4,30.0
650000,784,-21.0,0.0,-21.0,-21.0,0,10,760.4,29.8
700000,847,-21.0,0.0,-21.0,-21.0,0,10,760.4,29.4
750000,910,-21.0,0.0,-21.0,-21.0,0,10,760.4,30.3
800000,972,-21.0,0.0,-21.0,-21.0,0,10,760.4,30.4
850000,1035,-21.0,0.0,-21.0,-21.0,0,10,760.4,30.6
900000,1097,-21.0,0.0,-21.0,-21.0,0,10,760.4,30.6
950000,1159,-21.0,0.0,-21.0,-21.0,0,10,760.4,29.7
1000000,1223,-21.0,0.0,-21.0,-21.0,0,10,760.4,30.1
